name,cbpA:o,pspC:o,pspA:o,zmpA:o
11822_8_30,3,0,2,3
11822_8_32,3,7,2,2
11822_8_33,3,0,2,2
11822_8_34,0,8,2,2
11822_8_35,5,0,1,2
11822_8_37,3,0,2,3
11822_8_38,6,9,1,1
11822_8_39,0,8,2,2
11822_8_40,6,9,1,2
11822_8_42,5,0,2,3
11822_8_44,5,0,2,3
11822_8_48,6,9,2,3
11822_8_49,6,0,2,1
11822_8_50,6,0,2,3
11822_8_51,0,8,2,2
11822_8_53,4,10,1,2
11860_4_1,6,0,1,2
11860_4_10,3,0,1,3
11860_4_11,6,0,2,3
11860_4_12,4,0,1,2
11860_4_13,4,0,2,2
11860_4_14,3,0,2,3
11860_4_15,4,0,1,2
11860_4_16,6,0,2,3
11860_4_17,4,0,2,3
11860_4_18,5,0,1,3
11860_4_19,5,0,1,3
11860_4_2,2,0,2,2
11860_4_20,2,0,2,2
11860_4_21,6,8,2,1
11860_4_22,4,0,1,2
11860_4_23,6,9,1,1
11860_4_24,6,9,1,1
11860_4_25,4,0,1,2
11860_4_26,2,0,2,2
11860_4_27,4,0,1,2
11860_4_28,6,0,2,3
11860_4_29,0,8,2,2
11860_4_3,3,9,2,2
11860_4_30,5,0,1,3
11860_4_32,0,8,2,2
11860_4_33,2,0,2,2
11860_4_34,0,8,2,2
11860_4_35,3,0,2,2
11860_4_36,5,0,1,2
11860_4_37,5,0,1,2
11860_4_38,6,0,1,3
11860_4_39,6,9,1,1
11860_4_4,5,0,1,2
11860_4_40,5,0,1,2
11860_4_41,4,0,1,2
11860_4_42,5,0,1,2
11860_4_44,5,0,1,2
11860_4_45,6,7,2,2
11860_4_46,0,8,2,2
11860_4_47,6,9,2,2
11860_4_48,6,9,1,2
11860_4_49,0,8,2,2
11860_4_5,6,0,1,2
11860_4_50,6,0,1,3
11860_4_51,5,0,1,3
11860_4_52,6,0,1,3
11860_4_53,3,0,1,3
11860_4_54,0,0,2,2
11860_4_55,6,0,1,1
11860_4_56,1,0,1,3
11860_4_57,6,9,1,2
11860_4_58,6,0,1,3
11860_4_59,5,0,1,3
11860_4_6,0,8,2,2
11860_4_60,6,0,2,3
11860_4_61,6,9,2,1
11860_4_62,5,0,1,2
11860_4_63,4,0,2,2
11860_4_64,4,10,2,2
11860_4_65,6,0,1,3
11860_4_66,6,9,1,3
11860_4_67,4,0,2,2
11860_4_68,0,8,2,2
11860_4_69,0,8,2,2
11860_4_7,1,0,1,3
11860_4_71,6,9,1,1
11860_4_72,6,0,1,2
11860_4_73,6,0,2,3
11860_4_74,6,0,2,3
11860_4_75,6,0,1,2
11860_4_76,6,0,1,2
11860_4_77,6,0,2,3
11860_4_79,2,0,2,2
11860_4_81,6,0,1,2
11860_4_82,6,0,2,3
11860_4_83,3,0,2,2
11860_4_84,3,0,2,2
11860_4_85,5,0,1,2
11860_4_87,6,0,2,3
11860_4_88,6,0,2,3
11860_4_89,4,0,2,2
11860_4_9,2,0,2,2
11860_4_90,3,0,1,3
11860_4_91,6,9,1,2
11860_4_92,2,0,2,2
11860_4_93,6,0,2,3
11860_4_95,5,0,1,2
11860_4_96,6,0,1,2
11860_5_1,6,0,2,3
11860_5_10,3,0,2,2
11860_5_11,6,0,1,3
11860_5_12,6,0,1,3
11860_5_13,6,0,1,2
11860_5_14,6,0,1,3
11860_5_15,6,0,1,3
11860_5_16,6,0,2,3
11860_5_17,3,9,1,1
11860_5_18,3,0,1,2
11860_5_19,6,9,1,2
11860_5_2,6,9,2,3
11860_5_20,4,0,2,2
11860_5_21,4,0,1,2
11860_5_22,6,0,2,3
11860_5_23,6,0,1,3
11860_5_24,6,0,2,3
11860_5_25,6,0,2,3
11860_5_26,5,0,1,2
11860_5_27,6,0,1,3
11860_5_28,3,0,2,3
11860_5_29,5,0,2,3
11860_5_3,3,0,2,2
11860_5_30,3,0,2,2
11860_5_32,4,10,2,2
11860_5_33,6,0,1,2
11860_5_34,6,0,2,3
11860_5_35,6,9,2,3
11860_5_36,3,0,2,2
11860_5_37,6,0,2,3
11860_5_38,6,9,1,1
11860_5_39,2,0,2,2
11860_5_4,5,0,1,2
11860_5_40,5,0,1,2
11860_5_41,6,11,2,2
11860_5_42,6,0,2,3
11860_5_44,6,9,1,1
11860_5_45,3,0,2,3
11860_5_46,4,0,1,2
11860_5_47,5,0,1,2
11860_5_48,6,0,2,3
11860_5_49,6,0,2,1
11860_5_5,6,0,2,3
11860_5_50,3,0,2,3
11860_5_51,3,0,1,3
11860_5_52,5,0,1,2
11860_5_53,5,0,1,2
11860_5_54,6,0,1,2
11860_5_55,6,0,2,3
11860_5_56,4,0,2,2
11860_5_57,6,0,2,3
11860_5_58,2,0,2,2
11860_5_59,3,0,1,2
11860_5_6,6,0,1,2
11860_5_60,6,0,1,3
11860_5_61,6,0,2,3
11860_5_62,6,0,2,3
11860_5_63,6,0,1,2
11860_5_64,6,9,2,3
11860_5_65,5,0,1,2
11860_5_66,1,0,1,2
11860_5_67,3,0,1,3
11860_5_68,6,0,1,3
11860_5_69,6,0,1,3
11860_5_7,6,0,1,3
11860_5_70,6,0,1,3
11860_5_71,6,0,1,3
11860_5_72,6,0,2,3
11860_5_73,5,0,1,2
11860_5_74,6,9,1,1
11860_5_75,0,8,2,2
11860_5_76,5,0,1,2
11860_5_77,6,0,2,3
11860_5_78,0,0,2,2
11860_5_79,6,0,1,2
11860_5_80,6,0,1,2
11860_5_81,6,0,1,2
11860_5_82,6,0,2,3
11860_5_83,6,0,2,3
11860_5_84,4,0,2,2
11860_5_85,3,0,2,2
11860_5_86,5,0,1,2
11860_5_87,5,0,1,2
11860_5_88,6,0,2,2
11860_5_89,6,0,1,3
11860_5_9,6,9,1,1
11860_5_90,5,0,1,3
11860_5_91,0,8,2,2
11860_5_92,3,0,1,2
11860_5_93,6,0,2,3
11860_5_94,4,0,1,2
11860_5_95,5,0,1,2
11860_5_96,6,0,2,3
11860_6_1,5,0,1,3
11860_6_10,3,7,2,2
11860_6_11,6,9,1,1
11860_6_12,5,0,1,2
11860_6_13,4,0,1,2
11860_6_14,3,0,2,3
11860_6_15,2,0,2,2
11860_6_16,6,9,2,1
11860_6_17,6,9,2,2
11860_6_18,3,0,2,3
11860_6_19,5,0,1,2
11860_6_2,6,0,2,3
11860_6_20,1,0,1,3
11860_6_21,3,0,2,2
11860_6_22,6,0,1,2
11860_6_23,5,9,1,1
11860_6_24,4,0,1,2
11860_6_25,0,8,2,2
11860_6_26,6,0,2,3
11860_6_27,3,0,2,3
11860_6_28,2,0,2,2
11860_6_29,6,0,1,2
11860_6_3,6,0,1,3
11860_6_30,0,8,2,2
11860_6_32,6,0,2,3
11860_6_33,6,0,1,3
11860_6_34,5,0,1,1
11860_6_35,6,0,1,3
11860_6_36,3,0,1,2
11860_6_37,6,0,2,3
11860_6_38,2,0,2,2
11860_6_39,6,0,2,3
11860_6_4,1,0,1,1
11860_6_40,6,0,1,3
11860_6_41,3,0,2,2
11860_6_42,5,0,2,3
11860_6_44,6,0,1,3
11860_6_45,2,0,2,2
11860_6_46,3,0,1,3
11860_6_47,5,0,1,3
11860_6_48,4,0,1,2
11860_6_49,5,0,1,2
11860_6_5,6,9,1,1
11860_6_50,0,8,2,2
11860_6_51,6,9,2,3
11860_6_52,6,0,1,3
11860_6_53,6,9,2,3
11860_6_54,6,0,2,3
11860_6_55,3,0,1,2
11860_6_56,6,0,1,2
11860_6_57,6,0,2,3
11860_6_58,6,0,1,2
11860_6_59,6,0,2,2
11860_6_6,6,9,1,1
11860_6_60,6,0,2,3
11860_6_61,4,0,1,2
11860_6_62,3,0,2,2
11860_6_63,6,0,2,3
11860_6_64,3,0,2,2
11860_6_65,0,8,2,2
11860_6_66,0,8,2,2
11860_6_67,6,0,2,3
11860_6_68,6,0,2,3
11860_6_69,0,8,2,2
11860_6_7,5,0,1,3
11860_6_70,6,9,1,1
11860_6_71,3,0,1,3
11860_6_72,6,0,2,3
11860_6_73,5,0,1,2
11860_6_74,6,7,1,2
11860_6_75,6,0,1,2
11860_6_76,6,0,1,2
11860_6_77,6,0,2,3
11860_6_78,0,8,2,2
11860_6_79,6,0,2,3
11860_6_80,6,9,2,3
11860_6_81,6,0,1,3
11860_6_82,6,0,1,2
11860_6_83,3,0,2,2
11860_6_84,6,0,2,3
11860_6_85,6,0,1,2
11860_6_87,6,0,2,3
11860_6_88,3,0,2,2
11860_6_89,6,0,2,1
11860_6_9,5,0,1,3
11860_6_90,4,0,1,2
11860_6_91,3,10,2,3
11860_6_92,6,11,2,2
11860_6_93,6,9,1,3
11860_6_94,3,9,1,3
11860_6_95,5,0,1,2
11860_6_96,6,0,2,3
11860_7_1,5,0,1,2
11860_7_10,4,0,2,2
11860_7_11,0,8,2,2
11860_7_12,3,0,1,2
11860_7_13,6,0,1,2
11860_7_14,3,0,2,2
11860_7_15,0,8,2,2
11860_7_16,3,0,2,3
11860_7_17,6,9,1,1
11860_7_18,3,9,1,2
11860_7_19,5,0,1,2
11860_7_2,2,0,2,2
11860_7_20,6,0,1,2
11860_7_21,5,0,1,2
11860_7_22,4,10,2,2
11860_7_23,3,9,2,2
11860_7_24,3,0,2,3
11860_7_25,5,0,1,2
11860_7_26,6,9,1,1
11860_7_27,3,9,1,2
11860_7_28,3,0,2,2
11860_7_29,3,0,2,3
11860_7_3,3,0,2,3
11860_7_30,5,0,1,3
11860_7_32,5,0,1,2
11860_7_33,6,7,2,2
11860_7_35,6,0,1,3
11860_7_36,6,9,1,1
11860_7_37,1,0,1,2
11860_7_38,3,9,1,2
11860_7_39,0,0,2,2
11860_7_4,6,0,2,3
11860_7_40,6,0,2,3
11860_7_41,5,0,1,2
11860_7_42,3,9,1,2
11860_7_44,3,0,1,3
11860_7_45,6,9,1,1
11860_7_46,5,0,1,2
11860_7_47,6,0,2,2
11860_7_48,3,0,2,3
11860_7_49,0,8,2,2
11860_7_5,6,0,1,2
11860_7_50,5,0,1,2
11860_7_51,2,0,2,2
11860_7_52,3,0,2,3
11860_7_53,3,0,2,2
11860_7_54,6,9,2,3
11860_7_55,5,0,1,3
11860_7_56,6,0,1,3
11860_7_57,3,0,2,3
11860_7_58,2,0,2,2
11860_7_59,3,0,1,2
11860_7_6,3,0,2,3
11860_7_60,3,0,1,2
11860_7_61,6,0,1,2
11860_7_62,3,10,2,1
11860_7_63,2,0,2,2
11860_7_64,3,0,1,3
11860_7_65,3,0,2,3
11860_7_66,0,0,2,2
11860_7_67,3,0,1,2
11860_7_68,6,0,2,3
11860_7_69,6,0,2,3
11860_7_7,6,0,2,2
11860_7_70,0,8,2,2
11860_7_71,2,0,2,2
11860_7_72,3,0,2,3
11860_7_73,3,0,1,2
11860_7_74,6,9,2,2
11860_7_75,6,9,1,2
11860_7_76,6,11,2,2
11860_7_77,6,0,2,3
11860_7_78,3,9,1,1
11860_7_79,6,0,2,3
11860_7_80,5,0,1,3
11860_7_81,6,0,1,1
11860_7_82,2,0,2,2
11860_7_83,0,8,2,2
11860_7_84,3,0,2,2
11860_7_85,3,0,1,2
11860_7_86,5,0,1,3
11860_7_87,5,0,1,2
11860_7_88,3,0,2,3
11860_7_89,0,8,2,2
11860_7_9,3,0,2,2
11860_7_90,6,9,2,3
11860_7_91,1,0,1,3
11860_7_92,3,0,1,3
11860_7_93,6,11,2,2
11860_7_94,6,10,2,2
11860_7_95,3,0,1,2
11860_7_96,0,8,2,2
11860_8_1,0,8,2,2
11860_8_10,6,0,2,3
11860_8_11,6,9,2,3
11860_8_12,6,0,2,2
11860_8_13,3,0,1,3
11860_8_14,4,0,2,2
11860_8_15,4,0,2,2
11860_8_16,6,0,2,3
11860_8_17,3,0,2,3
11860_8_18,3,0,1,3
11860_8_19,3,0,2,3
11860_8_2,6,0,2,3
11860_8_20,3,0,1,2
11860_8_21,6,0,2,3
11860_8_22,4,0,2,2
11860_8_23,3,0,1,3
11860_8_24,3,0,2,3
11860_8_25,5,0,2,3
11860_8_26,2,0,2,2
11860_8_27,3,0,2,2
11860_8_28,6,0,2,3
11860_8_29,6,9,1,1
11860_8_3,0,8,2,2
11860_8_30,3,0,2,2
11860_8_32,6,9,2,3
11860_8_33,5,0,1,1
11860_8_34,6,0,2,3
11860_8_35,6,0,2,3
11860_8_36,6,9,2,3
11860_8_37,6,0,2,3
11860_8_38,6,9,2,2
11860_8_39,4,0,2,2
11860_8_4,6,0,2,3
11860_8_40,3,9,1,2
11860_8_41,6,9,2,2
11860_8_42,5,0,1,3
11860_8_44,0,8,2,2
11860_8_45,2,0,2,2
11860_8_46,0,8,2,2
11860_8_47,3,0,2,2
11860_8_48,2,0,2,2
11860_8_49,0,8,2,2
11860_8_5,6,0,1,3
11860_8_50,2,0,2,2
11860_8_51,0,8,2,2
11860_8_52,6,0,2,2
11860_8_53,0,8,2,2
11860_8_54,3,0,2,2
11860_8_55,6,9,1,1
11860_8_56,3,0,2,3
11860_8_57,6,0,1,2
11860_8_58,0,0,3,3
11860_8_59,3,0,2,3
11860_8_6,5,0,1,2
11860_8_60,6,0,1,3
11860_8_61,6,0,1,2
11860_8_62,3,0,1,2
11860_8_63,6,7,2,2
11860_8_64,3,0,2,3
11860_8_65,6,0,2,3
11860_8_66,3,0,2,3
11860_8_67,6,0,2,3
11860_8_68,5,0,1,3
11860_8_69,3,9,2,2
11860_8_7,6,0,2,2
11860_8_70,4,0,2,2
11860_8_71,3,0,2,3
11860_8_72,6,0,2,3
11860_8_73,6,0,2,3
11860_8_74,5,0,2,3
11860_8_75,3,0,2,3
11860_8_76,2,0,2,2
11860_8_77,2,0,2,2
11860_8_78,6,0,2,2
11860_8_79,4,0,2,2
11860_8_80,6,0,2,3
11860_8_81,3,0,1,3
11860_8_82,6,0,1,2
11860_8_83,5,0,1,2
11860_8_84,4,0,1,2
11860_8_85,6,0,1,3
11860_8_86,5,0,1,2
11860_8_87,5,0,1,2
11860_8_88,3,0,2,3
11860_8_89,6,0,2,3
11860_8_9,6,0,2,3
11860_8_90,5,0,1,3
11860_8_91,6,9,1,1
11860_8_92,3,10,1,1
11860_8_93,6,0,2,3
11860_8_94,6,0,1,3
11860_8_95,3,0,1,2
11860_8_96,6,0,1,2
11861_1_1,3,9,1,2
11861_1_10,6,0,1,3
11861_1_11,4,0,4,2
11861_1_12,0,8,2,2
11861_1_13,6,0,1,2
11861_1_14,6,0,1,2
11861_1_15,3,0,2,2
11861_1_16,4,0,1,2
11861_1_17,3,9,1,1
11861_1_18,4,0,2,2
11861_1_19,2,0,2,2
11861_1_2,3,0,2,2
11861_1_20,3,0,2,2
11861_1_21,3,0,2,2
11861_1_22,6,0,1,2
11861_1_23,6,0,1,3
11861_1_24,5,0,1,2
11861_1_25,3,0,1,2
11861_1_26,6,0,1,3
11861_1_27,6,0,1,3
11861_1_28,3,0,2,2
11861_1_29,6,0,1,2
11861_1_30,3,0,1,3
11861_1_32,6,0,1,2
11861_1_33,4,0,1,2
11861_1_34,6,0,2,3
11861_1_35,3,10,2,2
11861_1_36,5,0,1,3
11861_1_37,6,0,1,2
11861_1_38,5,0,1,2
11861_1_39,6,0,1,2
11861_1_4,6,0,2,3
11861_1_40,0,8,2,2
11861_1_41,6,9,1,2
11861_1_42,6,8,2,2
11861_1_44,6,0,1,3
11861_1_45,4,0,1,2
11861_1_46,5,0,2,3
11861_1_47,6,0,2,1
11861_1_48,6,11,2,2
11861_1_49,5,0,1,2
11861_1_5,5,0,1,2
11861_1_50,0,8,2,2
11861_1_51,3,0,1,3
11861_1_52,6,0,1,2
11861_1_53,3,0,2,3
11861_1_54,3,0,1,3
11861_1_55,6,0,2,3
11861_1_56,6,0,2,3
11861_1_57,3,0,2,2
11861_1_58,5,0,1,2
11861_1_59,5,0,1,2
11861_1_6,3,0,1,3
11861_1_60,0,8,2,2
11861_1_61,0,8,2,2
11861_1_62,6,0,2,3
11861_1_63,6,0,2,3
11861_1_64,4,0,1,2
11861_1_65,0,8,2,2
11861_1_66,3,9,2,3
11861_1_67,0,8,2,2
11861_1_68,6,9,1,1
11861_1_69,6,7,2,2
11861_1_7,3,0,2,2
11861_1_70,6,0,1,3
11861_1_71,6,0,2,3
11861_1_72,3,0,4,2
11861_1_73,4,0,1,2
11861_1_74,5,0,1,2
11861_1_75,0,8,2,2
11861_1_76,6,0,1,3
11861_1_77,3,0,2,2
11861_1_78,4,0,1,2
11861_1_79,6,0,2,3
11861_1_81,6,0,2,3
11861_1_82,0,8,2,2
11861_1_83,5,0,1,3
11861_1_84,3,0,1,2
11861_1_86,5,0,1,3
11861_1_87,6,0,2,3
11861_1_89,6,0,2,3
11861_1_9,4,0,1,2
11861_1_90,2,0,2,2
11861_1_91,5,0,1,2
11861_1_92,6,0,2,3
11861_1_93,4,0,1,2
11861_1_94,2,0,2,2
11861_1_95,5,0,1,2
11861_2_1,6,0,1,2
11861_2_10,6,0,1,2
11861_2_11,6,0,2,3
11861_2_12,6,0,1,2
11861_2_13,6,9,1,1
11861_2_14,0,8,2,2
11861_2_15,6,0,1,2
11861_2_16,2,0,2,2
11861_2_17,6,0,1,3
11861_2_18,6,9,1,1
11861_2_19,3,9,1,3
11861_2_2,6,0,2,3
11861_2_20,3,0,1,2
11861_2_21,0,8,2,2
11861_2_23,3,9,2,2
11861_2_24,0,8,2,2
11861_2_25,6,11,2,2
11861_2_26,5,0,1,3
11861_2_27,6,0,1,3
11861_2_28,6,0,1,3
11861_2_29,3,0,1,3
11861_2_3,2,0,2,2
11861_2_30,6,0,2,3
11861_2_32,3,0,1,2
11861_2_33,6,0,2,3
11861_2_34,3,0,1,2
11861_2_35,0,8,2,2
11861_2_36,3,9,2,2
11861_2_37,5,0,1,2
11861_2_38,3,0,1,3
11861_2_39,6,0,1,2
11861_2_4,5,0,1,3
11861_2_40,3,0,2,2
11861_2_41,6,0,2,3
11861_2_42,6,0,2,3
11861_2_44,4,0,1,2
11861_2_45,6,0,2,3
11861_2_46,6,0,2,3
11861_2_47,5,0,1,2
11861_2_48,6,0,2,3
11861_2_49,4,0,1,2
11861_2_5,6,0,2,1
11861_2_50,4,0,1,2
11861_2_51,6,0,2,3
11861_2_52,6,0,2,2
11861_2_53,6,0,2,1
11861_2_54,5,0,1,3
11861_2_55,6,0,1,3
11861_2_56,6,9,2,3
11861_2_57,6,0,2,3
11861_2_58,6,0,1,2
11861_2_6,3,9,1,2
11861_2_60,6,0,2,3
11861_2_61,6,0,2,3
11861_2_63,6,0,2,3
11861_2_64,3,0,1,3
11861_2_65,6,0,1,3
11861_2_66,6,0,2,3
11861_2_67,0,0,2,2
11861_2_68,6,0,1,2
11861_2_69,3,0,2,2
11861_2_7,3,0,2,3
11861_2_70,6,0,1,3
11861_2_71,6,0,1,2
11861_2_72,3,0,2,2
11861_2_73,3,0,2,3
11861_2_74,5,0,2,2
11861_2_75,0,8,2,2
11861_2_76,5,0,1,3
11861_2_77,3,0,1,3
11861_2_78,5,0,1,2
11861_2_79,6,0,2,3
11861_2_80,3,0,1,2
11861_2_81,6,0,2,2
11861_2_82,0,0,2,2
11861_2_83,3,9,2,3
11861_2_84,6,0,1,3
11861_2_85,6,0,1,2
11861_2_86,4,0,1,2
11861_2_87,6,0,2,3
11861_2_88,4,0,1,2
11861_2_89,5,0,1,2
11861_2_9,3,0,1,3
11861_3_1,6,7,2,2
11861_3_10,6,0,1,3
11861_3_11,6,0,2,3
11861_3_12,5,0,2,3
11861_3_13,4,0,1,2
11861_3_14,6,0,2,3
11861_3_15,6,0,1,3
11861_3_16,6,0,2,3
11861_3_17,4,0,1,2
11861_3_19,0,0,2,2
11861_3_2,6,0,1,2
11861_3_20,0,8,2,2
11861_3_21,3,9,1,3
11861_3_22,6,0,2,3
11861_3_23,6,9,1,1
11861_3_24,6,0,1,3
11861_3_25,1,0,1,3
11861_3_26,5,0,1,2
11861_3_27,6,9,1,2
11861_3_28,5,0,1,2
11861_3_29,3,9,1,3
11861_3_3,6,0,1,3
11861_3_30,6,0,2,3
11861_3_32,3,0,2,2
11861_3_33,6,9,2,2
11861_3_34,3,9,1,2
11861_3_35,3,0,1,3
11861_3_36,3,0,2,3
11861_3_37,6,0,2,3
11861_3_38,6,0,2,3
11861_3_39,6,0,2,1
11861_3_4,6,0,2,3
11861_3_40,5,0,1,2
11861_3_41,5,10,1,2
11861_3_42,6,0,2,3
11861_3_44,6,0,2,3
11861_3_45,6,0,2,3
11861_3_46,5,0,1,1
11861_3_47,6,0,2,1
11861_3_48,6,0,2,3
11861_3_49,5,0,1,3
11861_3_5,6,0,1,2
11861_3_50,6,0,2,2
11861_3_52,6,0,1,3
11861_3_53,6,0,2,3
11861_3_54,4,0,1,2
11861_3_55,6,0,1,3
11861_3_56,4,0,1,2
11861_3_57,3,0,1,3
11861_3_58,6,0,2,3
11861_3_59,6,0,2,3
11861_3_6,4,0,1,2
11861_3_60,5,0,1,2
11861_3_61,3,0,1,2
11861_3_62,4,0,2,2
11861_3_63,5,0,1,3
11861_3_64,6,9,1,2
11861_3_65,0,8,2,2
11861_3_66,3,0,2,2
11861_3_67,6,0,1,2
11861_3_68,6,0,1,3
11861_3_69,6,0,2,1
11861_3_7,6,0,1,3
11861_3_70,6,9,2,3
11861_3_71,3,0,2,3
11861_3_72,0,8,2,2
11861_3_73,5,0,2,3
11861_3_74,6,0,2,3
11861_3_75,3,0,2,2
11861_3_76,6,9,1,2
11861_3_77,5,0,1,2
11861_3_78,6,9,2,3
11861_3_79,6,0,2,2
11861_3_80,3,0,2,2
11861_3_81,6,0,2,3
11861_3_82,4,0,1,2
11861_3_83,5,0,1,2
11861_3_84,3,0,2,2
11861_3_85,6,0,2,3
11861_3_86,6,0,2,3
11861_3_87,6,0,2,3
11861_3_88,5,0,1,2
11861_3_89,3,9,1,2
11861_3_9,4,0,1,2
11861_3_90,6,0,1,3
11861_3_91,4,0,1,2
11861_3_92,6,0,1,3
11861_3_94,3,0,1,2
11861_3_95,3,0,1,3
11861_3_96,0,0,2,2
11861_4_1,4,0,1,2
11861_4_10,3,0,2,3
11861_4_11,3,0,2,2
11861_4_12,5,0,1,2
11861_4_13,4,0,1,2
11861_4_14,6,0,2,3
11861_4_15,6,0,2,3
11861_4_16,3,0,1,3
11861_4_17,3,0,2,2
11861_4_18,4,10,1,3
11861_4_19,0,0,2,2
11861_4_2,6,0,2,3
11861_4_20,6,0,2,3
11861_4_21,4,10,2,2
11861_4_22,6,0,2,3
11861_4_23,6,0,1,3
11861_4_24,0,8,2,2
11861_4_25,2,0,2,2
11861_4_26,0,8,2,2
11861_4_27,4,0,1,2
11861_4_28,6,0,2,1
11861_4_29,0,0,2,2
11861_4_3,6,0,2,3
11861_4_30,6,0,2,3
11861_4_32,5,0,1,3
11861_4_33,0,7,1,2
11861_4_34,5,0,1,2
11861_4_35,3,0,1,3
11861_4_36,6,0,1,2
11861_4_37,6,0,2,3
11861_4_38,0,8,2,2
11861_4_39,5,0,1,2
11861_4_4,6,0,1,2
11861_4_40,5,0,2,3
11861_4_41,1,0,1,2
11861_4_42,3,9,1,2
11861_4_44,3,9,1,2
11861_4_45,6,0,2,3
11861_4_46,6,0,1,2
11861_4_47,6,0,2,3
11861_4_48,5,0,1,2
11861_4_49,3,0,2,3
11861_4_5,6,0,1,3
11861_4_50,3,0,1,3
11861_4_51,6,0,2,3
11861_4_52,6,0,2,3
11861_4_53,6,9,1,2
11861_4_54,5,0,2,3
11861_4_55,6,0,2,3
11861_4_56,3,0,2,2
11861_4_57,2,0,2,2
11861_4_58,3,0,1,3
11861_4_59,3,0,1,2
11861_4_6,6,0,2,3
11861_4_60,6,0,2,3
11861_4_61,6,9,1,1
11861_4_62,6,9,1,2
11861_4_63,4,0,2,2
11861_4_64,2,0,2,2
11861_4_65,4,0,2,2
11861_4_66,6,9,1,1
11861_4_67,5,0,1,3
11861_4_68,6,0,1,3
11861_4_69,6,0,1,3
11861_4_7,6,0,1,3
11861_4_70,0,8,2,2
11861_4_71,3,0,2,3
11861_4_72,5,0,1,2
11861_4_73,6,0,1,2
11861_4_74,4,0,2,2
11861_4_75,6,0,1,3
11861_4_76,6,0,1,2
11861_4_77,0,8,2,2
11861_4_78,3,0,2,3
11861_4_79,6,0,1,1
11861_4_80,6,9,2,2
11861_4_81,5,0,1,2
11861_4_82,6,9,1,1
11861_4_83,3,0,2,3
11861_4_84,5,0,1,3
11861_4_85,3,0,2,3
11861_4_86,2,0,2,2
11861_4_87,6,9,2,3
11861_4_88,6,0,2,3
11861_4_89,6,0,1,2
11861_4_9,6,0,2,3
11861_4_90,3,0,1,2
11861_4_91,6,0,2,3
11861_4_92,3,9,1,1
11861_4_93,3,0,1,2
11861_4_94,3,0,1,3
11861_4_95,6,0,2,3
11861_4_96,6,0,1,2
11861_5_1,2,0,2,2
11861_5_10,6,9,1,1
11861_5_11,3,0,2,3
11861_5_12,6,0,2,3
11861_5_13,3,0,1,3
11861_5_14,6,7,2,2
11861_5_15,3,0,1,3
11861_5_16,5,0,1,2
11861_5_17,3,0,2,3
11861_5_18,3,0,2,2
11861_5_19,3,9,1,3
11861_5_2,3,0,1,3
11861_5_20,3,0,2,3
11861_5_21,3,0,2,3
11861_5_22,3,0,1,3
11861_5_23,6,0,2,3
11861_5_24,4,0,2,2
11861_5_25,5,0,1,2
11861_5_26,6,0,2,3
11861_5_27,6,0,2,3
11861_5_28,3,0,2,2
11861_5_29,3,0,2,3
11861_5_3,6,0,1,3
11861_5_30,0,8,2,2
11861_5_32,6,0,1,2
11861_5_33,6,7,2,2
11861_5_34,4,0,2,2
11861_5_35,3,0,1,2
11861_5_36,6,0,2,3
11861_5_37,3,0,2,2
11861_5_38,6,0,1,3
11861_5_39,3,0,2,3
11861_5_4,3,9,2,2
11861_5_40,5,0,1,3
11861_5_41,6,9,2,3
11861_5_42,2,0,1,2
11861_5_44,4,0,2,2
11861_5_45,6,0,2,3
11861_5_46,6,0,2,3
11861_5_47,3,0,1,3
11861_5_48,2,0,2,2
11861_5_49,6,9,1,1
11861_5_5,5,0,1,3
11861_5_50,6,7,1,2
11861_5_51,4,0,1,2
11861_5_52,3,0,2,3
11861_5_53,3,0,2,3
11861_5_54,2,0,2,2
11861_5_55,3,0,2,2
11861_5_56,6,0,1,3
11861_5_57,5,0,1,2
11861_5_58,0,0,2,2
11861_5_59,3,0,1,2
11861_5_6,6,0,2,3
11861_5_60,6,0,2,3
11861_5_61,3,0,2,2
11861_5_62,4,0,2,2
11861_5_63,6,9,2,1
11861_5_64,6,0,2,3
11861_5_65,3,10,2,1
11861_5_66,6,0,2,3
11861_5_67,3,0,1,2
11861_5_68,5,0,1,3
11861_5_69,6,9,2,2
11861_5_70,5,0,1,3
11861_5_71,6,9,1,1
11861_5_72,6,0,1,2
11861_5_73,4,0,2,2
11861_5_74,6,0,2,3
11861_5_75,5,0,2,3
11861_5_76,6,0,2,3
11861_5_77,5,0,1,2
11861_5_78,2,0,2,2
11861_5_79,2,0,2,2
11861_5_81,6,0,2,3
11861_5_83,5,9,2,2
11861_5_84,5,0,1,3
11861_5_85,0,0,2,2
11861_5_86,4,0,2,2
11861_5_87,5,0,1,2
11861_5_88,5,0,1,2
11861_5_89,6,0,1,2
11861_5_9,6,0,2,3
11861_5_90,6,0,1,3
11861_5_91,6,0,2,3
11893_1_1,3,0,1,3
11893_1_10,0,8,2,2
11893_1_11,6,0,1,2
11893_1_13,0,8,2,2
11893_1_14,6,0,2,3
11893_1_15,3,0,4,2
11893_1_16,6,7,2,2
11893_1_17,2,0,2,2
11893_1_19,5,0,1,2
11893_1_2,4,10,1,2
11893_1_20,6,0,1,3
11893_1_21,5,0,1,2
11893_1_22,5,0,1,2
11893_1_23,3,0,2,3
11893_1_24,0,8,2,2
11893_1_25,6,9,1,2
11893_1_26,0,8,2,2
11893_1_27,4,10,2,2
11893_1_28,6,0,2,3
11893_1_29,1,0,1,3
11893_1_3,6,0,2,3
11893_1_30,4,0,1,2
11893_1_32,3,10,1,2
11893_1_33,3,9,2,2
11893_1_34,3,0,2,2
11893_1_35,1,0,1,3
11893_1_36,3,0,1,3
11893_1_37,0,8,2,2
11893_1_38,4,0,1,2
11893_1_39,4,0,1,2
11893_1_4,0,8,2,2
11893_1_40,3,0,2,3
11893_1_41,3,0,1,2
11893_1_42,5,0,1,2
11893_1_44,3,9,2,3
11893_1_45,0,8,2,2
11893_1_46,6,7,2,2
11893_1_47,3,0,2,2
11893_1_48,4,0,2,2
11893_1_49,4,0,1,2
11893_1_5,0,8,2,2
11893_1_50,6,0,2,3
11893_1_51,4,0,1,2
11893_1_52,3,9,1,3
11893_1_53,6,0,1,2
11893_1_54,6,9,1,3
11893_1_55,3,0,2,2
11893_1_57,4,0,1,2
11893_1_58,4,0,1,2
11893_1_59,6,0,2,3
11893_1_6,3,0,1,2
11893_1_60,6,0,2,3
11893_1_61,5,0,1,3
11893_1_62,5,0,1,2
11893_1_63,3,0,2,2
11893_1_64,6,0,2,3
11893_1_65,3,0,2,3
11893_1_66,6,0,2,3
11893_1_67,6,9,2,3
11893_1_68,4,0,1,2
11893_1_69,0,8,2,2
11893_1_7,5,0,1,2
11893_1_70,5,0,2,3
11893_1_71,6,0,2,3
11893_1_72,3,0,1,3
11893_1_73,3,0,2,2
11893_1_74,3,0,2,2
11893_1_75,5,0,1,3
11893_1_76,4,0,1,2
11893_1_77,3,0,1,3
11893_1_78,6,0,2,3
11893_1_80,4,10,2,2
11893_1_81,6,0,1,2
11893_1_82,3,0,2,3
11893_1_83,3,0,3,2
11893_1_84,2,0,2,2
11893_1_85,3,10,1,1
11893_1_86,5,0,1,2
11893_1_87,4,10,2,2
11893_1_88,6,0,1,2
11893_1_89,0,8,2,2
11893_1_9,0,8,2,2
12045_8_79,6,0,1,3
12045_8_80,3,9,1,1
12045_8_81,6,9,1,1
12045_8_82,0,8,2,2
12216_4_88,6,0,2,3
12216_4_89,6,0,2,3
12216_4_90,6,0,2,3
12216_4_91,5,0,1,1
12216_4_92,4,0,1,2
12216_4_93,3,0,1,3
12216_4_94,6,0,2,3
12216_4_95,6,0,2,1
12273_1_83,0,8,2,2
12273_1_84,5,0,2,3
12273_1_85,6,0,1,2
12273_1_86,6,0,2,2
12273_1_87,0,8,2,2
12273_1_88,6,0,2,3
12273_1_89,6,0,2,3
12273_1_90,6,0,2,3
12273_1_91,3,0,2,2
12273_1_92,0,8,2,2
12273_1_93,3,0,1,3
12673_6_1,5,0,2,3
12673_6_10,4,0,1,2
12673_6_11,6,7,2,2
12673_6_12,6,0,2,3
12673_6_13,6,0,2,3
12673_6_14,6,0,2,3
12673_6_15,6,0,1,3
12673_6_16,6,0,2,3
12673_6_17,6,0,2,3
12673_6_18,3,0,1,2
12673_6_19,3,0,1,2
12673_6_2,5,0,1,2
12673_6_20,4,0,1,2
12673_6_21,3,0,2,2
12673_6_22,6,9,1,2
12673_6_23,6,0,2,3
12673_6_24,6,0,2,2
12673_6_25,6,0,1,3
12673_6_26,2,0,2,2
12673_6_27,6,0,1,3
12673_6_28,6,0,2,3
12673_6_29,6,0,1,2
12673_6_3,3,0,2,2
12673_6_30,2,0,3,2
12673_6_31,4,0,1,2
12673_6_32,3,0,1,3
12673_6_33,6,0,2,3
12673_6_34,4,0,1,2
12673_6_35,4,0,1,2
12673_6_36,0,8,2,2
12673_6_37,6,0,2,3
12673_6_38,3,0,1,2
12673_6_39,2,0,2,2
12673_6_4,4,0,2,2
12673_6_40,3,0,1,3
12673_6_41,2,0,3,2
12673_6_42,6,0,2,3
12673_6_43,3,9,2,3
12673_6_44,5,0,1,2
12673_6_45,5,0,1,2
12673_6_46,3,0,1,2
12673_6_47,5,0,1,2
12673_6_48,0,8,2,2
12673_6_49,4,0,1,2
12673_6_5,6,0,1,2
12673_6_50,6,0,1,3
12673_6_51,6,0,1,2
12673_6_52,3,0,1,2
12673_6_53,5,0,1,3
12673_6_54,3,0,1,3
12673_6_55,3,0,1,3
12673_6_56,3,0,2,3
12673_6_57,6,0,2,3
12673_6_58,2,0,3,2
12673_6_59,3,0,1,3
12673_6_6,5,0,1,3
12673_6_60,3,0,1,3
12673_6_7,4,0,1,2
12673_6_72,0,8,2,2
12673_6_8,6,0,2,3
12673_6_9,6,0,1,3
12754_4_55,6,9,2,1
12754_4_56,0,8,2,2
12754_4_57,0,8,2,2
12754_4_59,0,8,2,2
12754_4_60,6,0,1,3
12754_4_61,0,8,2,2
12754_4_62,6,9,2,2
12754_4_63,0,8,2,2
12754_4_64,3,0,2,2
12754_4_65,6,0,1,3
14355_8_35,6,0,2,3
14355_8_37,6,0,2,3
14355_8_39,4,0,2,2
14355_8_42,2,0,1,2
14355_8_44,4,0,2,2
14355_8_46,4,0,2,2
14355_8_49,3,0,2,2
14355_8_51,3,9,2,3
14355_8_54,6,0,2,3
14355_8_56,6,0,2,3
14355_8_59,6,0,1,2
14355_8_61,3,0,3,2
14355_8_63,3,9,2,2
14355_8_68,6,10,2,2
14355_8_71,0,8,2,2
14355_8_74,3,0,2,3
14355_8_77,2,0,1,2
14355_8_80,6,0,2,3
14355_8_83,3,0,2,2
14355_8_86,6,0,2,3
14355_8_88,6,0,2,3
14355_8_90,6,0,1,2
14355_8_93,4,0,2,2
14412_3_1,6,0,1,3
14412_3_12,4,0,2,2
14412_3_15,6,0,1,2
14412_3_17,5,0,1,2
14412_3_19,4,0,2,2
14412_3_21,2,0,2,2
14412_3_24,6,0,2,3
14412_3_27,3,0,2,3
14412_3_3,1,0,1,3
14412_3_30,5,9,2,2
14412_3_33,2,0,2,2
14412_3_36,5,0,1,3
14412_3_39,6,0,2,3
14412_3_41,6,0,4,2
14412_3_44,3,0,2,2
14412_3_47,6,0,2,2
14412_3_50,6,9,1,1
14412_3_53,5,0,1,3
14412_3_56,3,0,1,3
14412_3_59,4,10,2,2
14412_3_6,6,0,2,3
14412_3_61,3,0,1,3
14412_3_62,2,0,2,2
14412_3_63,0,8,2,2
14412_3_64,3,0,2,3
14412_3_65,5,0,1,2
14412_3_67,2,0,2,2
14412_3_69,6,0,1,3
14412_3_71,6,0,1,3
14412_3_74,1,0,1,3
14412_3_75,4,0,2,2
14412_3_9,3,9,2,2
